<?xml version="1.0" encoding="utf-8" ?><dwsync><file name="application_octetstream__download.inc.php" server="francesco-gisonni.com/francesco-gisonni.com/mario/" local="3435932118" remote="318763443830376132" Dst="-1" /><file name="application_octetstream__hex.inc.php" server="francesco-gisonni.com/francesco-gisonni.com/mario/" local="3435932118" remote="318763443830376132" Dst="-1" /><file name="generator.sh" server="francesco-gisonni.com/francesco-gisonni.com/mario/" local="3435932118" remote="318763443830376132" Dst="-1" /><file name="global.inc.php" server="francesco-gisonni.com/francesco-gisonni.com/mario/" local="3435932118" remote="318763443830376132" Dst="-1" /><file name="image_jpeg__inline.inc.php" server="francesco-gisonni.com/francesco-gisonni.com/mario/" local="3435932118" remote="318763443830376132" Dst="-1" /><file name="image_jpeg__link.inc.php" server="francesco-gisonni.com/francesco-gisonni.com/mario/" local="3435932118" remote="318763443830376132" Dst="-1" /><file name="image_png__inline.inc.php" server="francesco-gisonni.com/francesco-gisonni.com/mario/" local="3435932118" remote="318763443830376132" Dst="-1" /><file name="TEMPLATE" server="francesco-gisonni.com/francesco-gisonni.com/mario/" local="3435932118" remote="318763443830376132" Dst="-1" /><file name="template_generator.sh" server="francesco-gisonni.com/francesco-gisonni.com/mario/" local="3435932118" remote="318763443830376132" Dst="-1" /><file name="README" server="francesco-gisonni.com/francesco-gisonni.com/mario/" local="3435932118" remote="318763443830376132" Dst="-1" /><file name="template_generator_mimetype.sh" server="francesco-gisonni.com/francesco-gisonni.com/mario/" local="3435932118" remote="318763443830376132" Dst="-1" /><file name="TEMPLATE_MIMETYPE" server="francesco-gisonni.com/francesco-gisonni.com/mario/" local="3435932118" remote="318763443830376132" Dst="-1" /><file name="text_plain__dateformat.inc.php" server="francesco-gisonni.com/francesco-gisonni.com/mario/" local="3435932118" remote="318763443830376132" Dst="-1" /><file name="text_plain__external.inc.php" server="francesco-gisonni.com/francesco-gisonni.com/mario/" local="3435932118" remote="318763443830376132" Dst="-1" /><file name="text_plain__formatted.inc.php" server="francesco-gisonni.com/francesco-gisonni.com/mario/" local="3435932118" remote="318763443830376132" Dst="-1" /><file name="text_plain__imagelink.inc.php" server="francesco-gisonni.com/francesco-gisonni.com/mario/" local="3435932118" remote="318763443830376132" Dst="-1" /><file name="text_plain__link.inc.php" server="francesco-gisonni.com/francesco-gisonni.com/mario/" local="3435932118" remote="318763443830376132" Dst="-1" /><file name="text_plain__longToIpv4.inc.php" server="francesco-gisonni.com/francesco-gisonni.com/mario/" local="3435932118" remote="318763443830376132" Dst="-1" /><file name="text_plain__sql.inc.php" server="francesco-gisonni.com/francesco-gisonni.com/mario/" local="3435932118" remote="318763443830376132" Dst="-1" /><file name="text_plain__substr.inc.php" server="francesco-gisonni.com/francesco-gisonni.com/mario/" local="3435932118" remote="318763443830376132" Dst="-1" /></dwsync>