<?xml version="1.0" encoding="utf-8" ?><dwsync><file name="common.js" server="francesco-gisonni.com/francesco-gisonni.com/mario/" local="3435932118" remote="318763443829279572" Dst="-1" /><file name="config.js" server="francesco-gisonni.com/francesco-gisonni.com/mario/" local="3435932118" remote="318763443829279572" Dst="-1" /><file name="cross_framing_protection.js" server="francesco-gisonni.com/francesco-gisonni.com/mario/" local="3435932118" remote="318763443829279572" Dst="-1" /><file name="date.js" server="francesco-gisonni.com/francesco-gisonni.com/mario/" local="3435932118" remote="318763443829279572" Dst="-1" /><file name="db_operations.js" server="francesco-gisonni.com/francesco-gisonni.com/mario/" local="3435932118" remote="318763443829279572" Dst="-1" /><file name="db_search.js" server="francesco-gisonni.com/francesco-gisonni.com/mario/" local="3435932118" remote="318763443829279572" Dst="-1" /><file name="db_structure.js" server="francesco-gisonni.com/francesco-gisonni.com/mario/" local="3435932118" remote="318763443829279572" Dst="-1" /><file name="dom-drag.js" server="francesco-gisonni.com/francesco-gisonni.com/mario/" local="3435932118" remote="318763443829279572" Dst="-1" /><file name="export.js" server="francesco-gisonni.com/francesco-gisonni.com/mario/" local="3435932118" remote="318763443829279572" Dst="-1" /><file name="get_image.js.php" server="francesco-gisonni.com/francesco-gisonni.com/mario/" local="3435932118" remote="318763443829279572" Dst="-1" /><file name="functions.js" server="francesco-gisonni.com/francesco-gisonni.com/mario/" local="3435932118" remote="318763443829279572" Dst="-1" /><file name="gis_data_editor.js" server="francesco-gisonni.com/francesco-gisonni.com/mario/" local="3435932118" remote="318763443829279572" Dst="-1" /><file name="indexes.js" server="francesco-gisonni.com/francesco-gisonni.com/mario/" local="3435932118" remote="318763443829279572" Dst="-1" /><file name="import.js" server="francesco-gisonni.com/francesco-gisonni.com/mario/" local="3435932118" remote="318763443829279572" Dst="-1" /><file name="keyhandler.js" server="francesco-gisonni.com/francesco-gisonni.com/mario/" local="3435932118" remote="318763443829279632" Dst="-1" /><file name="makegrid.js" server="francesco-gisonni.com/francesco-gisonni.com/mario/" local="3435932118" remote="318763443829279632" Dst="-1" /><file name="messages.php" server="francesco-gisonni.com/francesco-gisonni.com/mario/" local="3435932118" remote="318763443829279632" Dst="-1" /><file name="navigation.js" server="francesco-gisonni.com/francesco-gisonni.com/mario/" local="3435932118" remote="318763443829279632" Dst="-1" /><file name="OpenStreetMap.js" server="francesco-gisonni.com/francesco-gisonni.com/mario/" local="3435932118" remote="318763443829279632" Dst="-1" /><file name="querywindow.js" server="francesco-gisonni.com/francesco-gisonni.com/mario/" local="3435932118" remote="318763443829279632" Dst="-1" /><file name="replication.js" server="francesco-gisonni.com/francesco-gisonni.com/mario/" local="3435932118" remote="318763443829279632" Dst="-1" /><file name="server_plugins.js" server="francesco-gisonni.com/francesco-gisonni.com/mario/" local="3435932118" remote="318763443829279632" Dst="-1" /><file name="server_privileges.js" server="francesco-gisonni.com/francesco-gisonni.com/mario/" local="3435932118" remote="318763443829279632" Dst="-1" /><file name="server_status.js" server="francesco-gisonni.com/francesco-gisonni.com/mario/" local="3435932118" remote="318763443829279632" Dst="-1" /><file name="server_synchronize.js" server="francesco-gisonni.com/francesco-gisonni.com/mario/" local="3435932118" remote="318763443829279632" Dst="-1" /><file name="server_status_monitor.js" server="francesco-gisonni.com/francesco-gisonni.com/mario/" local="3435932118" remote="318763443829279632" Dst="-1" /><file name="server_variables.js" server="francesco-gisonni.com/francesco-gisonni.com/mario/" local="3435932118" remote="318763443829279632" Dst="-1" /><file name="sql.js" server="francesco-gisonni.com/francesco-gisonni.com/mario/" local="3435932118" remote="318763443829279632" Dst="-1" /><file name="tbl_change.js" server="francesco-gisonni.com/francesco-gisonni.com/mario/" local="3435932118" remote="318763443829279632" Dst="-1" /><file name="tbl_chart.js" server="francesco-gisonni.com/francesco-gisonni.com/mario/" local="3435932118" remote="318763443829279632" Dst="-1" /><file name="tbl_gis_visualization.js" server="francesco-gisonni.com/francesco-gisonni.com/mario/" local="3435932118" remote="318763443829279632" Dst="-1" /><file name="tbl_relation.js" server="francesco-gisonni.com/francesco-gisonni.com/mario/" local="3435932118" remote="318763443829279632" Dst="-1" /><file name="tbl_select.js" server="francesco-gisonni.com/francesco-gisonni.com/mario/" local="3435932118" remote="318763443829279632" Dst="-1" /><file name="tbl_structure.js" server="francesco-gisonni.com/francesco-gisonni.com/mario/" local="3435932118" remote="318763443829279632" Dst="-1" /><file name="tbl_zoom_plot_jqplot.js" server="francesco-gisonni.com/francesco-gisonni.com/mario/" local="3435932118" remote="318763443829279632" Dst="-1" /><file name="update-location.js" server="francesco-gisonni.com/francesco-gisonni.com/mario/" local="3435932118" remote="318763443829279632" Dst="-1" /></dwsync>