<?xml version="1.0" encoding="utf-8" ?><dwsync><file name="config.manyhosts.inc.php" server="francesco-gisonni.com/francesco-gisonni.com/mario/" local="3435932118" remote="318763443829279572" Dst="-1" /><file name="create_tables.sql" server="francesco-gisonni.com/francesco-gisonni.com/mario/" local="3435932118" remote="318763443829279572" Dst="-1" /><file name="create_tables_drizzle.sql" server="francesco-gisonni.com/francesco-gisonni.com/mario/" local="3435932118" remote="318763443829279572" Dst="-1" /><file name="openid.php" server="francesco-gisonni.com/francesco-gisonni.com/mario/" local="3435932118" remote="318763443829279572" Dst="-1" /><file name="signon-script.php" server="francesco-gisonni.com/francesco-gisonni.com/mario/" local="3435932118" remote="318763443829279572" Dst="-1" /><file name="signon.php" server="francesco-gisonni.com/francesco-gisonni.com/mario/" local="3435932118" remote="318763443829279572" Dst="-1" /><file name="swekey.sample.conf" server="francesco-gisonni.com/francesco-gisonni.com/mario/" local="3435932118" remote="318763443829279572" Dst="-1" /><file name="upgrade_tables_mysql_4_1_2+.sql" server="francesco-gisonni.com/francesco-gisonni.com/mario/" local="3435932118" remote="318763443829279572" Dst="-1" /></dwsync>