<?xml version="1.0" encoding="utf-8" ?><dwsync><file name="add_point_off.png" server="francesco-gisonni.com/francesco-gisonni.com/mario/" local="3435932118" remote="318763443829279632" Dst="-1" /><file name="add_point_on.png" server="francesco-gisonni.com/francesco-gisonni.com/mario/" local="3435932118" remote="318763443829279632" Dst="-1" /><file name="blank.gif" server="francesco-gisonni.com/francesco-gisonni.com/mario/" local="3435932118" remote="318763443829279632" Dst="-1" /><file name="close.gif" server="francesco-gisonni.com/francesco-gisonni.com/mario/" local="3435932118" remote="318763443829279632" Dst="-1" /><file name="drag-rectangle-off.png" server="francesco-gisonni.com/francesco-gisonni.com/mario/" local="3435932118" remote="318763443829279632" Dst="-1" /><file name="drag-rectangle-on.png" server="francesco-gisonni.com/francesco-gisonni.com/mario/" local="3435932118" remote="318763443829279632" Dst="-1" /><file name="draw_line_off.png" server="francesco-gisonni.com/francesco-gisonni.com/mario/" local="3435932118" remote="318763443829279632" Dst="-1" /><file name="draw_line_on.png" server="francesco-gisonni.com/francesco-gisonni.com/mario/" local="3435932118" remote="318763443829279632" Dst="-1" /><file name="draw_point_off.png" server="francesco-gisonni.com/francesco-gisonni.com/mario/" local="3435932118" remote="318763443829279632" Dst="-1" /><file name="draw_point_on.png" server="francesco-gisonni.com/francesco-gisonni.com/mario/" local="3435932118" remote="318763443829279632" Dst="-1" /><file name="draw_polygon_off.png" server="francesco-gisonni.com/francesco-gisonni.com/mario/" local="3435932118" remote="318763443829279632" Dst="-1" /><file name="draw_polygon_on.png" server="francesco-gisonni.com/francesco-gisonni.com/mario/" local="3435932118" remote="318763443829279632" Dst="-1" /><file name="editing_tool_bar.png" server="francesco-gisonni.com/francesco-gisonni.com/mario/" local="3435932118" remote="318763443829279632" Dst="-1" /><file name="move_feature_off.png" server="francesco-gisonni.com/francesco-gisonni.com/mario/" local="3435932118" remote="318763443829279632" Dst="-1" /><file name="move_feature_on.png" server="francesco-gisonni.com/francesco-gisonni.com/mario/" local="3435932118" remote="318763443829279632" Dst="-1" /><file name="navigation_history.png" server="francesco-gisonni.com/francesco-gisonni.com/mario/" local="3435932118" remote="318763443829279632" Dst="-1" /><file name="pan-panel-NOALPHA.png" server="francesco-gisonni.com/francesco-gisonni.com/mario/" local="3435932118" remote="318763443829279632" Dst="-1" /><file name="overview_replacement.gif" server="francesco-gisonni.com/francesco-gisonni.com/mario/" local="3435932118" remote="318763443829279632" Dst="-1" /><file name="pan-panel.png" server="francesco-gisonni.com/francesco-gisonni.com/mario/" local="3435932118" remote="318763443829279632" Dst="-1" /><file name="pan_off.png" server="francesco-gisonni.com/francesco-gisonni.com/mario/" local="3435932118" remote="318763443829279632" Dst="-1" /><file name="pan_on.png" server="francesco-gisonni.com/francesco-gisonni.com/mario/" local="3435932118" remote="318763443829279632" Dst="-1" /><file name="panning-hand-off.png" server="francesco-gisonni.com/francesco-gisonni.com/mario/" local="3435932118" remote="318763443829279632" Dst="-1" /><file name="panning-hand-on.png" server="francesco-gisonni.com/francesco-gisonni.com/mario/" local="3435932118" remote="318763443829279632" Dst="-1" /><file name="remove_point_off.png" server="francesco-gisonni.com/francesco-gisonni.com/mario/" local="3435932118" remote="318763443829279632" Dst="-1" /><file name="remove_point_on.png" server="francesco-gisonni.com/francesco-gisonni.com/mario/" local="3435932118" remote="318763443829279632" Dst="-1" /><file name="ruler.png" server="francesco-gisonni.com/francesco-gisonni.com/mario/" local="3435932118" remote="318763443829279632" Dst="-1" /><file name="save_features_on.png" server="francesco-gisonni.com/francesco-gisonni.com/mario/" local="3435932118" remote="318763443829279632" Dst="-1" /><file name="save_features_off.png" server="francesco-gisonni.com/francesco-gisonni.com/mario/" local="3435932118" remote="318763443829279632" Dst="-1" /><file name="view_next_off.png" server="francesco-gisonni.com/francesco-gisonni.com/mario/" local="3435932118" remote="318763443829279632" Dst="-1" /><file name="view_next_on.png" server="francesco-gisonni.com/francesco-gisonni.com/mario/" local="3435932118" remote="318763443829279632" Dst="-1" /><file name="view_previous_off.png" server="francesco-gisonni.com/francesco-gisonni.com/mario/" local="3435932118" remote="318763443829279632" Dst="-1" /><file name="view_previous_on.png" server="francesco-gisonni.com/francesco-gisonni.com/mario/" local="3435932118" remote="318763443829279632" Dst="-1" /><file name="zoom-panel-NOALPHA.png" server="francesco-gisonni.com/francesco-gisonni.com/mario/" local="3435932118" remote="318763443829279632" Dst="-1" /><file name="zoom-panel.png" server="francesco-gisonni.com/francesco-gisonni.com/mario/" local="3435932118" remote="318763443829279632" Dst="-1" /></dwsync>