<?xml version="1.0" encoding="utf-8" ?><dwsync><file name="rte_events.lib.php" server="francesco-gisonni.com/francesco-gisonni.com/mario/" local="3435932118" remote="318763443830376132" Dst="-1" /><file name="rte_export.lib.php" server="francesco-gisonni.com/francesco-gisonni.com/mario/" local="3435932118" remote="318763443830376132" Dst="-1" /><file name="rte_footer.lib.php" server="francesco-gisonni.com/francesco-gisonni.com/mario/" local="3435932118" remote="318763443830376132" Dst="-1" /><file name="rte_list.lib.php" server="francesco-gisonni.com/francesco-gisonni.com/mario/" local="3435932118" remote="318763443830376132" Dst="-1" /><file name="rte_main.inc.php" server="francesco-gisonni.com/francesco-gisonni.com/mario/" local="3435932118" remote="318763443830376132" Dst="-1" /><file name="rte_routines.lib.php" server="francesco-gisonni.com/francesco-gisonni.com/mario/" local="3435932118" remote="318763443830376132" Dst="-1" /><file name="rte_words.lib.php" server="francesco-gisonni.com/francesco-gisonni.com/mario/" local="3435932118" remote="318763443830376132" Dst="-1" /><file name="rte_triggers.lib.php" server="francesco-gisonni.com/francesco-gisonni.com/mario/" local="3435932118" remote="318763443830376132" Dst="-1" /></dwsync>