<?xml version="1.0" encoding="utf-8" ?><dwsync><file name="jquery.cookie.js" server="francesco-gisonni.com/francesco-gisonni.com/mario/" local="3435932118" remote="318763443829279572" Dst="-1" /><file name="jquery-1.6.2.js" server="francesco-gisonni.com/francesco-gisonni.com/mario/" local="3435932118" remote="318763443829279572" Dst="-1" /><file name="jquery.event.drag-2.0.js" server="francesco-gisonni.com/francesco-gisonni.com/mario/" local="3435932118" remote="318763443829279572" Dst="-1" /><file name="jquery.json-2.2.js" server="francesco-gisonni.com/francesco-gisonni.com/mario/" local="3435932118" remote="318763443829279632" Dst="-1" /><file name="jquery-ui-1.8.16.custom.js" server="francesco-gisonni.com/francesco-gisonni.com/mario/" local="3435932118" remote="318763443829279632" Dst="-1" /><file name="jquery.mousewheel.js" server="francesco-gisonni.com/francesco-gisonni.com/mario/" local="3435932118" remote="318763443829279632" Dst="-1" /><file name="jquery.qtip-1.0.0-rc3.js" server="francesco-gisonni.com/francesco-gisonni.com/mario/" local="3435932118" remote="318763443829279632" Dst="-1" /><file name="jquery.sortableTable.js" server="francesco-gisonni.com/francesco-gisonni.com/mario/" local="3435932118" remote="318763443829279632" Dst="-1" /><file name="jquery.sprintf.js" server="francesco-gisonni.com/francesco-gisonni.com/mario/" local="3435932118" remote="318763443829279632" Dst="-1" /><file name="jquery.svg.js" server="francesco-gisonni.com/francesco-gisonni.com/mario/" local="3435932118" remote="318763443829279632" Dst="-1" /><file name="jquery.tablesorter.js" server="francesco-gisonni.com/francesco-gisonni.com/mario/" local="3435932118" remote="318763443829279632" Dst="-1" /><file name="timepicker.js" server="francesco-gisonni.com/francesco-gisonni.com/mario/" local="3435932118" remote="318763443829279632" Dst="-1" /></dwsync>