<?xml version="1.0" encoding="utf-8" ?><dwsync><file name="blank.gif" server="francesco-gisonni.com/francesco-gisonni.com/mario/" local="3435932118" remote="318763443829279632" Dst="-1" /><file name="cloud-popup-relative.png" server="francesco-gisonni.com/francesco-gisonni.com/mario/" local="3435932118" remote="318763443829279632" Dst="-1" /><file name="drag-rectangle-off.png" server="francesco-gisonni.com/francesco-gisonni.com/mario/" local="3435932118" remote="318763443829279632" Dst="-1" /><file name="drag-rectangle-on.png" server="francesco-gisonni.com/francesco-gisonni.com/mario/" local="3435932118" remote="318763443829279632" Dst="-1" /><file name="east-mini.png" server="francesco-gisonni.com/francesco-gisonni.com/mario/" local="3435932118" remote="318763443829279632" Dst="-1" /><file name="layer-switcher-maximize.png" server="francesco-gisonni.com/francesco-gisonni.com/mario/" local="3435932118" remote="318763443829279632" Dst="-1" /><file name="layer-switcher-minimize.png" server="francesco-gisonni.com/francesco-gisonni.com/mario/" local="3435932118" remote="318763443829279632" Dst="-1" /><file name="marker-blue.png" server="francesco-gisonni.com/francesco-gisonni.com/mario/" local="3435932118" remote="318763443829279632" Dst="-1" /><file name="marker-gold.png" server="francesco-gisonni.com/francesco-gisonni.com/mario/" local="3435932118" remote="318763443829279632" Dst="-1" /><file name="marker-green.png" server="francesco-gisonni.com/francesco-gisonni.com/mario/" local="3435932118" remote="318763443829279632" Dst="-1" /><file name="marker.png" server="francesco-gisonni.com/francesco-gisonni.com/mario/" local="3435932118" remote="318763443829279632" Dst="-1" /><file name="measuring-stick-off.png" server="francesco-gisonni.com/francesco-gisonni.com/mario/" local="3435932118" remote="318763443829279632" Dst="-1" /><file name="measuring-stick-on.png" server="francesco-gisonni.com/francesco-gisonni.com/mario/" local="3435932118" remote="318763443829279632" Dst="-1" /><file name="north-mini.png" server="francesco-gisonni.com/francesco-gisonni.com/mario/" local="3435932118" remote="318763443829279632" Dst="-1" /><file name="panning-hand-off.png" server="francesco-gisonni.com/francesco-gisonni.com/mario/" local="3435932118" remote="318763443829279632" Dst="-1" /><file name="panning-hand-on.png" server="francesco-gisonni.com/francesco-gisonni.com/mario/" local="3435932118" remote="318763443829279632" Dst="-1" /><file name="slider.png" server="francesco-gisonni.com/francesco-gisonni.com/mario/" local="3435932118" remote="318763443829279632" Dst="-1" /><file name="south-mini.png" server="francesco-gisonni.com/francesco-gisonni.com/mario/" local="3435932118" remote="318763443829279632" Dst="-1" /><file name="west-mini.png" server="francesco-gisonni.com/francesco-gisonni.com/mario/" local="3435932118" remote="318763443829279632" Dst="-1" /><file name="zoom-minus-mini.png" server="francesco-gisonni.com/francesco-gisonni.com/mario/" local="3435932118" remote="318763443829279632" Dst="-1" /><file name="zoom-plus-mini.png" server="francesco-gisonni.com/francesco-gisonni.com/mario/" local="3435932118" remote="318763443829279632" Dst="-1" /><file name="zoom-world-mini.png" server="francesco-gisonni.com/francesco-gisonni.com/mario/" local="3435932118" remote="318763443829279632" Dst="-1" /><file name="zoombar.png" server="francesco-gisonni.com/francesco-gisonni.com/mario/" local="3435932118" remote="318763443829279632" Dst="-1" /></dwsync>