<?xml version="1.0" encoding="UTF-8"?>
<ti:app xmlns:ti="http://ti.appcelerator.org">
    <property name="acs-oauth-secret-production" type="string">ZWbrUKg36UVF1QEfTqI7BMDImgymae6G</property>
    <property name="acs-oauth-key-production" type="string">nuDNbr3APyuHSfWpgayr8UfKrZZgu4b0</property>
    <property name="acs-api-key-production" type="string">RkuamvsypQTWHsxqH0veo2XkCixGvw4u</property>
    <property name="acs-oauth-secret-development" type="string">fHDiWhFVFUaTPE6J0Y2L0o4B6IZBPJOZ</property>
    <property name="acs-oauth-key-development" type="string">Io7XnjWXN8go01TUoRbFd0stIN9tYvqR</property>
    <property name="acs-api-key-development" type="string">kxbCbG5GS6fUy3qe346pyB0BfjKBgbc7</property>
    <deployment-targets>
        <target device="mobileweb">false</target>
        <target device="iphone">false</target>
        <target device="ipad">true</target>
        <target device="android">false</target>
        <target device="blackberry">false</target>
    </deployment-targets>
    <sdk-version>2.1.2.GA</sdk-version>
    <id>com.francesco-gisonni.dribbble</id>
    <name>dribbblegallery</name>
    <version>1.0</version>
    <publisher>francescoGisonni</publisher>
    <url>http://</url>
    <description>not specified</description>
    <copyright>2013 by francescoGisonni</copyright>
    <icon>appicon.png</icon>
    <persistent-wifi>false</persistent-wifi>
    <prerendered-icon>false</prerendered-icon>
    <statusbar-style>default</statusbar-style>
    <statusbar-hidden>false</statusbar-hidden>
    <fullscreen>false</fullscreen>
    <navbar-hidden>false</navbar-hidden>
    <analytics>true</analytics>
    <guid>f476fc87-7187-4f50-b9a3-67a47b16ccd7</guid>
    <property name="ti.ui.defaultunit">system</property>
    <iphone>
        <orientations device="iphone">
            <orientation>Ti.UI.PORTRAIT</orientation>
        </orientations>
        <orientations device="ipad">
            <orientation>Ti.UI.PORTRAIT</orientation>
            <orientation>Ti.UI.UPSIDE_PORTRAIT</orientation>
            <orientation>Ti.UI.LANDSCAPE_LEFT</orientation>
            <orientation>Ti.UI.LANDSCAPE_RIGHT</orientation>
        </orientations>
    </iphone>
    <android xmlns:android="http://schemas.android.com/apk/res/android"/>
    <mobileweb>
        <precache/>
        <splash>
            <enabled>true</enabled>
            <inline-css-images>true</inline-css-images>
        </splash>
        <theme>default</theme>
    </mobileweb>
    <modules>
        <module platform="commonjs" version="2.3.0">ti.cloud</module>
    </modules>
</ti:app>
