<?xml version="1.0" encoding="utf-8" ?><dwsync><file name="bs_disp_as_mime_type.php" server="francesco-gisonni.com/francesco-gisonni.com/mario/" local="3435932118" remote="318763443829279572" Dst="-1" /><file name="ChangeLog" server="francesco-gisonni.com/francesco-gisonni.com/mario/" local="3435932118" remote="318763443829279572" Dst="-1" /><file name="browse_foreigners.php" server="francesco-gisonni.com/francesco-gisonni.com/mario/" local="3435932118" remote="318763443829279572" Dst="-1" /><file name="bs_play_media.php" server="francesco-gisonni.com/francesco-gisonni.com/mario/" local="3435932118" remote="318763443829279572" Dst="-1" /><file name="changelog.php" server="francesco-gisonni.com/francesco-gisonni.com/mario/" local="3435932118" remote="318763443829279572" Dst="-1" /><file name="chk_rel.php" server="francesco-gisonni.com/francesco-gisonni.com/mario/" local="3435932118" remote="318763443829279572" Dst="-1" /><file name="config.sample.inc.php" server="francesco-gisonni.com/francesco-gisonni.com/mario/" local="3435932118" remote="318763443829279572" Dst="-1" /><file name="db_create.php" server="francesco-gisonni.com/francesco-gisonni.com/mario/" local="3435932118" remote="318763443829279572" Dst="-1" /><file name="db_datadict.php" server="francesco-gisonni.com/francesco-gisonni.com/mario/" local="3435932118" remote="318763443829279572" Dst="-1" /><file name="db_events.php" server="francesco-gisonni.com/francesco-gisonni.com/mario/" local="3435932118" remote="318763443829279572" Dst="-1" /><file name="db_export.php" server="francesco-gisonni.com/francesco-gisonni.com/mario/" local="3435932118" remote="318763443829279572" Dst="-1" /><file name="db_import.php" server="francesco-gisonni.com/francesco-gisonni.com/mario/" local="3435932118" remote="318763443829279572" Dst="-1" /><file name="db_operations.php" server="francesco-gisonni.com/francesco-gisonni.com/mario/" local="3435932118" remote="318763443829279572" Dst="-1" /><file name="db_printview.php" server="francesco-gisonni.com/francesco-gisonni.com/mario/" local="3435932118" remote="318763443829279572" Dst="-1" /><file name="db_qbe.php" server="francesco-gisonni.com/francesco-gisonni.com/mario/" local="3435932118" remote="318763443829279572" Dst="-1" /><file name="db_routines.php" server="francesco-gisonni.com/francesco-gisonni.com/mario/" local="3435932118" remote="318763443829279572" Dst="-1" /><file name="db_search.php" server="francesco-gisonni.com/francesco-gisonni.com/mario/" local="3435932118" remote="318763443829279572" Dst="-1" /><file name="db_sql.php" server="francesco-gisonni.com/francesco-gisonni.com/mario/" local="3435932118" remote="318763443829279572" Dst="-1" /><file name="db_structure.php" server="francesco-gisonni.com/francesco-gisonni.com/mario/" local="3435932118" remote="318763443829279572" Dst="-1" /><file name="db_tracking.php" server="francesco-gisonni.com/francesco-gisonni.com/mario/" local="3435932118" remote="318763443829279572" Dst="-1" /><file name="db_triggers.php" server="francesco-gisonni.com/francesco-gisonni.com/mario/" local="3435932118" remote="318763443829279572" Dst="-1" /><file name="docs.css" server="francesco-gisonni.com/francesco-gisonni.com/mario/" local="3435932118" remote="318763443829279572" Dst="-1" /><file name="enum_editor.php" server="francesco-gisonni.com/francesco-gisonni.com/mario/" local="3435932118" remote="318763443829279572" Dst="-1" /><file name="Documentation.txt" server="francesco-gisonni.com/francesco-gisonni.com/mario/" local="3435932118" remote="318763443829279572" Dst="-1" /><file name="Documentation.html" server="francesco-gisonni.com/francesco-gisonni.com/mario/" local="3435932118" remote="318763443829279572" Dst="-1" /><file name="export.php" server="francesco-gisonni.com/francesco-gisonni.com/mario/" local="3435932118" remote="318763443829279572" Dst="-1" /><file name="favicon.ico" server="francesco-gisonni.com/francesco-gisonni.com/mario/" local="3435932118" remote="318763443829279572" Dst="-1" /><file name="file_echo.php" server="francesco-gisonni.com/francesco-gisonni.com/mario/" local="3435932118" remote="318763443829279572" Dst="-1" /><file name="gis_data_editor.php" server="francesco-gisonni.com/francesco-gisonni.com/mario/" local="3435932118" remote="318763443829279572" Dst="-1" /><file name="import_status.php" server="francesco-gisonni.com/francesco-gisonni.com/mario/" local="3435932118" remote="318763443829279572" Dst="-1" /><file name="import.php" server="francesco-gisonni.com/francesco-gisonni.com/mario/" local="3435932118" remote="318763443829279572" Dst="-1" /><file name="index.php" server="francesco-gisonni.com/francesco-gisonni.com/mario/" local="3435932118" remote="318763443829279572" Dst="-1" /><file name="license.php" server="francesco-gisonni.com/francesco-gisonni.com/mario/" local="3435932118" remote="318763443830376132" Dst="-1" /><file name="LICENSE" server="francesco-gisonni.com/francesco-gisonni.com/mario/" local="3435932118" remote="318763443830376132" Dst="-1" /><file name="main.php" server="francesco-gisonni.com/francesco-gisonni.com/mario/" local="3435932118" remote="318763443830376132" Dst="-1" /><file name="navigation.php" server="francesco-gisonni.com/francesco-gisonni.com/mario/" local="3435932118" remote="318763443830376132" Dst="-1" /><file name="phpinfo.php" server="francesco-gisonni.com/francesco-gisonni.com/mario/" local="3435932118" remote="318763443830376132" Dst="-1" /><file name="phpmyadmin.css.php" server="francesco-gisonni.com/francesco-gisonni.com/mario/" local="3435932118" remote="318763443830376132" Dst="-1" /><file name="phpunit.xml.nocoverage" server="francesco-gisonni.com/francesco-gisonni.com/mario/" local="3435932118" remote="318763443830376132" Dst="-1" /><file name="pmd_display_field.php" server="francesco-gisonni.com/francesco-gisonni.com/mario/" local="3435932118" remote="318763443830376132" Dst="-1" /><file name="pmd_general.php" server="francesco-gisonni.com/francesco-gisonni.com/mario/" local="3435932118" remote="318763443830376132" Dst="-1" /><file name="pmd_pdf.php" server="francesco-gisonni.com/francesco-gisonni.com/mario/" local="3435932118" remote="318763443830376132" Dst="-1" /><file name="pmd_relation_new.php" server="francesco-gisonni.com/francesco-gisonni.com/mario/" local="3435932118" remote="318763443830376132" Dst="-1" /><file name="pmd_relation_upd.php" server="francesco-gisonni.com/francesco-gisonni.com/mario/" local="3435932118" remote="318763443830376132" Dst="-1" /><file name="pmd_save_pos.php" server="francesco-gisonni.com/francesco-gisonni.com/mario/" local="3435932118" remote="318763443830376132" Dst="-1" /><file name="prefs_forms.php" server="francesco-gisonni.com/francesco-gisonni.com/mario/" local="3435932118" remote="318763443830376132" Dst="-1" /><file name="prefs_manage.php" server="francesco-gisonni.com/francesco-gisonni.com/mario/" local="3435932118" remote="318763443830376132" Dst="-1" /><file name="print.css" server="francesco-gisonni.com/francesco-gisonni.com/mario/" local="3435932118" remote="318763443830376132" Dst="-1" /><file name="querywindow.php" server="francesco-gisonni.com/francesco-gisonni.com/mario/" local="3435932118" remote="318763443830376132" Dst="-1" /><file name="README" server="francesco-gisonni.com/francesco-gisonni.com/mario/" local="3435932118" remote="318763443830376132" Dst="-1" /><file name="README.VENDOR" server="francesco-gisonni.com/francesco-gisonni.com/mario/" local="3435932118" remote="318763443830376132" Dst="-1" /><file name="RELEASE-DATE-3.5.4" server="francesco-gisonni.com/francesco-gisonni.com/mario/" local="3435932118" remote="318763443830376132" Dst="-1" /><file name="robots.txt" server="francesco-gisonni.com/francesco-gisonni.com/mario/" local="3435932118" remote="318763443830376132" Dst="-1" /><file name="schema_edit.php" server="francesco-gisonni.com/francesco-gisonni.com/mario/" local="3435932118" remote="318763443830376132" Dst="-1" /><file name="schema_export.php" server="francesco-gisonni.com/francesco-gisonni.com/mario/" local="3435932118" remote="318763443830376132" Dst="-1" /><file name="server_binlog.php" server="francesco-gisonni.com/francesco-gisonni.com/mario/" local="3435932118" remote="318763443830376132" Dst="-1" /><file name="server_collations.php" server="francesco-gisonni.com/francesco-gisonni.com/mario/" local="3435932118" remote="318763443830376132" Dst="-1" /><file name="server_databases.php" server="francesco-gisonni.com/francesco-gisonni.com/mario/" local="3435932118" remote="318763443830376132" Dst="-1" /><file name="server_engines.php" server="francesco-gisonni.com/francesco-gisonni.com/mario/" local="3435932118" remote="318763443830376132" Dst="-1" /><file name="server_export.php" server="francesco-gisonni.com/francesco-gisonni.com/mario/" local="3435932118" remote="318763443830376132" Dst="-1" /><file name="server_import.php" server="francesco-gisonni.com/francesco-gisonni.com/mario/" local="3435932118" remote="318763443830376132" Dst="-1" /><file name="server_plugins.php" server="francesco-gisonni.com/francesco-gisonni.com/mario/" local="3435932118" remote="318763443830376132" Dst="-1" /><file name="server_replication.php" server="francesco-gisonni.com/francesco-gisonni.com/mario/" local="3435932118" remote="318763443830376132" Dst="-1" /><file name="server_sql.php" server="francesco-gisonni.com/francesco-gisonni.com/mario/" local="3435932118" remote="318763443830376132" Dst="-1" /><file name="server_privileges.php" server="francesco-gisonni.com/francesco-gisonni.com/mario/" local="3435932118" remote="318763443830376132" Dst="-1" /><file name="server_status.php" server="francesco-gisonni.com/francesco-gisonni.com/mario/" local="3435932118" remote="318763443830376132" Dst="-1" /><file name="server_synchronize.php" server="francesco-gisonni.com/francesco-gisonni.com/mario/" local="3435932118" remote="318763443830376132" Dst="-1" /><file name="server_variables.php" server="francesco-gisonni.com/francesco-gisonni.com/mario/" local="3435932118" remote="318763443830376132" Dst="-1" /><file name="show_config_errors.php" server="francesco-gisonni.com/francesco-gisonni.com/mario/" local="3435932118" remote="318763443830376132" Dst="-1" /><file name="sql.php" server="francesco-gisonni.com/francesco-gisonni.com/mario/" local="3435932118" remote="318763443830376132" Dst="-1" /><file name="tbl_addfield.php" server="francesco-gisonni.com/francesco-gisonni.com/mario/" local="3435932118" remote="318763443830376132" Dst="-1" /><file name="tbl_alter.php" server="francesco-gisonni.com/francesco-gisonni.com/mario/" local="3435932118" remote="318763443830376132" Dst="-1" /><file name="tbl_change.php" server="francesco-gisonni.com/francesco-gisonni.com/mario/" local="3435932118" remote="318763443830376132" Dst="-1" /><file name="tbl_chart.php" server="francesco-gisonni.com/francesco-gisonni.com/mario/" local="3435932118" remote="318763443830376132" Dst="-1" /><file name="tbl_create.php" server="francesco-gisonni.com/francesco-gisonni.com/mario/" local="3435932118" remote="318763443830376132" Dst="-1" /><file name="tbl_export.php" server="francesco-gisonni.com/francesco-gisonni.com/mario/" local="3435932118" remote="318763443830376132" Dst="-1" /><file name="tbl_get_field.php" server="francesco-gisonni.com/francesco-gisonni.com/mario/" local="3435932118" remote="318763443830376132" Dst="-1" /><file name="tbl_gis_visualization.php" server="francesco-gisonni.com/francesco-gisonni.com/mario/" local="3435932118" remote="318763443830376132" Dst="-1" /><file name="tbl_import.php" server="francesco-gisonni.com/francesco-gisonni.com/mario/" local="3435932118" remote="318763443830376132" Dst="-1" /><file name="tbl_indexes.php" server="francesco-gisonni.com/francesco-gisonni.com/mario/" local="3435932118" remote="318763443830376132" Dst="-1" /><file name="tbl_move_copy.php" server="francesco-gisonni.com/francesco-gisonni.com/mario/" local="3435932118" remote="318763443830376132" Dst="-1" /><file name="tbl_operations.php" server="francesco-gisonni.com/francesco-gisonni.com/mario/" local="3435932118" remote="318763443830376132" Dst="-1" /><file name="tbl_printview.php" server="francesco-gisonni.com/francesco-gisonni.com/mario/" local="3435932118" remote="318763443830376132" Dst="-1" /><file name="tbl_relation.php" server="francesco-gisonni.com/francesco-gisonni.com/mario/" local="3435932118" remote="318763443830376132" Dst="-1" /><file name="tbl_replace.php" server="francesco-gisonni.com/francesco-gisonni.com/mario/" local="3435932118" remote="318763443830376132" Dst="-1" /><file name="tbl_row_action.php" server="francesco-gisonni.com/francesco-gisonni.com/mario/" local="3435932118" remote="318763443830376132" Dst="-1" /><file name="tbl_select.php" server="francesco-gisonni.com/francesco-gisonni.com/mario/" local="3435932118" remote="318763443830376132" Dst="-1" /><file name="tbl_sql.php" server="francesco-gisonni.com/francesco-gisonni.com/mario/" local="3435932118" remote="318763443830376132" Dst="-1" /><file name="tbl_structure.php" server="francesco-gisonni.com/francesco-gisonni.com/mario/" local="3435932118" remote="318763443830376132" Dst="-1" /><file name="tbl_tracking.php" server="francesco-gisonni.com/francesco-gisonni.com/mario/" local="3435932118" remote="318763443830376132" Dst="-1" /><file name="tbl_triggers.php" server="francesco-gisonni.com/francesco-gisonni.com/mario/" local="3435932118" remote="318763443830376132" Dst="-1" /><file name="tbl_zoom_select.php" server="francesco-gisonni.com/francesco-gisonni.com/mario/" local="3435932118" remote="318763443830376132" Dst="-1" /><file name="themes.php" server="francesco-gisonni.com/francesco-gisonni.com/mario/" local="3435932118" remote="318763443830376252" Dst="-1" /><file name="transformation_overview.php" server="francesco-gisonni.com/francesco-gisonni.com/mario/" local="3435932118" remote="318763443830376252" Dst="-1" /><file name="transformation_wrapper.php" server="francesco-gisonni.com/francesco-gisonni.com/mario/" local="3435932118" remote="318763443830376252" Dst="-1" /><file name="url.php" server="francesco-gisonni.com/francesco-gisonni.com/mario/" local="3435932118" remote="318763443830376252" Dst="-1" /><file name="user_password.php" server="francesco-gisonni.com/francesco-gisonni.com/mario/" local="3435932118" remote="318763443830376252" Dst="-1" /><file name="view_create.php" server="francesco-gisonni.com/francesco-gisonni.com/mario/" local="3435932118" remote="318763443830376252" Dst="-1" /><file name="view_operations.php" server="francesco-gisonni.com/francesco-gisonni.com/mario/" local="3435932118" remote="318763443830376252" Dst="-1" /><file name="webapp.php" server="francesco-gisonni.com/francesco-gisonni.com/mario/" local="3435932118" remote="318763443830376252" Dst="-1" /></dwsync>