<?xml version="1.0" encoding="utf-8" ?><dwsync><file name="logo.png" server="francesco-gisonni.com/francesco-gisonni.com/mario/" local="3438253910" remote="318763443831173472" Dst="-1" /><file name="header_img.jpg" server="francesco-gisonni.com/francesco-gisonni.com/mario/" local="3438253910" remote="318763443830984532" Dst="-1" /><file name="event2.png" server="francesco-gisonni.com/francesco-gisonni.com/mario/" local="3438253910" remote="318763443831116652" Dst="-1" /><file name="event.png" server="francesco-gisonni.com/francesco-gisonni.com/mario/" local="3438253910" remote="318763443831173472" Dst="-1" /><file name="event1.png" server="francesco-gisonni.com/francesco-gisonni.com/mario/" local="3438253910" remote="318763443831116652" Dst="-1" /><file name="event3.png" server="francesco-gisonni.com/francesco-gisonni.com/mario/" local="3438253910" remote="318763443831116652" Dst="-1" /><file name="event4.png" server="francesco-gisonni.com/francesco-gisonni.com/mario/" local="3438253910" remote="318763443831116652" Dst="-1" /><file name="Untitled-5.png" server="francesco-gisonni.com/francesco-gisonni.com/mario/" local="3438253910" remote="318763443831116652" Dst="-1" /><file name="about.jpg" server="francesco-gisonni.com/francesco-gisonni.com/mario/" local="3438254564" remote="318763443831173472" Dst="-1" /><file name="about_us.jpg" server="francesco-gisonni.com/francesco-gisonni.com/mario/" local="3438255426" remote="318763443831173472" Dst="-1" /><file name="event1.jpg" server="francesco-gisonni.com/francesco-gisonni.com/mario/" local="3438259138" remote="318763443831173472" Dst="-1" /><file name="event2.jpg" server="francesco-gisonni.com/francesco-gisonni.com/mario/" local="3438258038" remote="318763443831173472" Dst="-1" /><file name="event3.jpg" server="francesco-gisonni.com/francesco-gisonni.com/mario/" local="3438258024" remote="318763443831173472" Dst="-1" /><file name="event4.jpg" server="francesco-gisonni.com/francesco-gisonni.com/mario/" local="3438258012" remote="318763443831173472" Dst="-1" /><file name="event5.jpg" server="francesco-gisonni.com/francesco-gisonni.com/mario/" local="3438258346" remote="318763443831173472" Dst="-1" /><file name="index_about.html" server="francesco-gisonni.com/francesco-gisonni.com/mario/" local="3438254400" remote="318763443831173472" Dst="-1" /></dwsync>