<?xml version="1.0" encoding="utf-8" ?><dwsync><file name="codegen.php" server="francesco-gisonni.com/francesco-gisonni.com/mario/" local="3435932118" remote="318763443830376132" Dst="-1" /><file name="csv.php" server="francesco-gisonni.com/francesco-gisonni.com/mario/" local="3435932118" remote="318763443830376132" Dst="-1" /><file name="excel.php" server="francesco-gisonni.com/francesco-gisonni.com/mario/" local="3435932118" remote="318763443830376132" Dst="-1" /><file name="htmlword.php" server="francesco-gisonni.com/francesco-gisonni.com/mario/" local="3435932118" remote="318763443830376132" Dst="-1" /><file name="json.php" server="francesco-gisonni.com/francesco-gisonni.com/mario/" local="3435932118" remote="318763443830376132" Dst="-1" /><file name="latex.php" server="francesco-gisonni.com/francesco-gisonni.com/mario/" local="3435932118" remote="318763443830376132" Dst="-1" /><file name="mediawiki.php" server="francesco-gisonni.com/francesco-gisonni.com/mario/" local="3435932118" remote="318763443830376132" Dst="-1" /><file name="ods.php" server="francesco-gisonni.com/francesco-gisonni.com/mario/" local="3435932118" remote="318763443830376132" Dst="-1" /><file name="odt.php" server="francesco-gisonni.com/francesco-gisonni.com/mario/" local="3435932118" remote="318763443830376132" Dst="-1" /><file name="pdf.php" server="francesco-gisonni.com/francesco-gisonni.com/mario/" local="3435932118" remote="318763443830376132" Dst="-1" /><file name="php_array.php" server="francesco-gisonni.com/francesco-gisonni.com/mario/" local="3435932118" remote="318763443830376132" Dst="-1" /><file name="sql.php" server="francesco-gisonni.com/francesco-gisonni.com/mario/" local="3435932118" remote="318763443830376132" Dst="-1" /><file name="texytext.php" server="francesco-gisonni.com/francesco-gisonni.com/mario/" local="3435932118" remote="318763443830376132" Dst="-1" /><file name="xml.php" server="francesco-gisonni.com/francesco-gisonni.com/mario/" local="3435932118" remote="318763443830376132" Dst="-1" /><file name="yaml.php" server="francesco-gisonni.com/francesco-gisonni.com/mario/" local="3435932118" remote="318763443830376132" Dst="-1" /></dwsync>