<?xml version="1.0" encoding="utf-8" ?><dwsync><file name="1.png" server="francesco-gisonni.com/francesco-gisonni.com/mario/" local="3435932118" remote="318763443830376252" Dst="-1" /><file name="2.png" server="francesco-gisonni.com/francesco-gisonni.com/mario/" local="3435932118" remote="318763443830376252" Dst="-1" /><file name="2leftarrow.png" server="francesco-gisonni.com/francesco-gisonni.com/mario/" local="3435932118" remote="318763443830376252" Dst="-1" /><file name="2leftarrow_m.png" server="francesco-gisonni.com/francesco-gisonni.com/mario/" local="3435932118" remote="318763443830376252" Dst="-1" /><file name="2rightarrow.png" server="francesco-gisonni.com/francesco-gisonni.com/mario/" local="3435932118" remote="318763443830376252" Dst="-1" /><file name="2rightarrow_m.png" server="francesco-gisonni.com/francesco-gisonni.com/mario/" local="3435932118" remote="318763443830376252" Dst="-1" /><file name="3.png" server="francesco-gisonni.com/francesco-gisonni.com/mario/" local="3435932118" remote="318763443830376252" Dst="-1" /><file name="4.png" server="francesco-gisonni.com/francesco-gisonni.com/mario/" local="3435932118" remote="318763443830376252" Dst="-1" /><file name="5.png" server="francesco-gisonni.com/francesco-gisonni.com/mario/" local="3435932118" remote="318763443830376252" Dst="-1" /><file name="6.png" server="francesco-gisonni.com/francesco-gisonni.com/mario/" local="3435932118" remote="318763443830376252" Dst="-1" /><file name="7.png" server="francesco-gisonni.com/francesco-gisonni.com/mario/" local="3435932118" remote="318763443830376252" Dst="-1" /><file name="8.png" server="francesco-gisonni.com/francesco-gisonni.com/mario/" local="3435932118" remote="318763443830376252" Dst="-1" /><file name="and_icon.png" server="francesco-gisonni.com/francesco-gisonni.com/mario/" local="3435932118" remote="318763443830376252" Dst="-1" /><file name="ang_direct.png" server="francesco-gisonni.com/francesco-gisonni.com/mario/" local="3435932118" remote="318763443830376252" Dst="-1" /><file name="bord.png" server="francesco-gisonni.com/francesco-gisonni.com/mario/" local="3435932118" remote="318763443830376252" Dst="-1" /><file name="bottom.png" server="francesco-gisonni.com/francesco-gisonni.com/mario/" local="3435932118" remote="318763443830376252" Dst="-1" /><file name="def.png" server="francesco-gisonni.com/francesco-gisonni.com/mario/" local="3435932118" remote="318763443830376252" Dst="-1" /><file name="display_field.png" server="francesco-gisonni.com/francesco-gisonni.com/mario/" local="3435932118" remote="318763443830376252" Dst="-1" /><file name="downarrow1.png" server="francesco-gisonni.com/francesco-gisonni.com/mario/" local="3435932118" remote="318763443830376252" Dst="-1" /><file name="downarrow2.png" server="francesco-gisonni.com/francesco-gisonni.com/mario/" local="3435932118" remote="318763443830376252" Dst="-1" /><file name="downarrow2_m.png" server="francesco-gisonni.com/francesco-gisonni.com/mario/" local="3435932118" remote="318763443830376252" Dst="-1" /><file name="exec.png" server="francesco-gisonni.com/francesco-gisonni.com/mario/" local="3435932118" remote="318763443830376252" Dst="-1" /><file name="exec_small.png" server="francesco-gisonni.com/francesco-gisonni.com/mario/" local="3435932118" remote="318763443830376252" Dst="-1" /><file name="favicon.ico" server="francesco-gisonni.com/francesco-gisonni.com/mario/" local="3435932118" remote="318763443830376252" Dst="-1" /><file name="Field_small.png" server="francesco-gisonni.com/francesco-gisonni.com/mario/" local="3435932118" remote="318763443830376252" Dst="-1" /><file name="Field_small_char.png" server="francesco-gisonni.com/francesco-gisonni.com/mario/" local="3435932118" remote="318763443830376252" Dst="-1" /><file name="Field_small_date.png" server="francesco-gisonni.com/francesco-gisonni.com/mario/" local="3435932118" remote="318763443830376252" Dst="-1" /><file name="Field_small_int.png" server="francesco-gisonni.com/francesco-gisonni.com/mario/" local="3435932118" remote="318763443830376252" Dst="-1" /><file name="FieldKey_small.png" server="francesco-gisonni.com/francesco-gisonni.com/mario/" local="3435932118" remote="318763443830376252" Dst="-1" /><file name="grid.png" server="francesco-gisonni.com/francesco-gisonni.com/mario/" local="3435932118" remote="318763443830376252" Dst="-1" /><file name="Header.png" server="francesco-gisonni.com/francesco-gisonni.com/mario/" local="3435932118" remote="318763443830376252" Dst="-1" /><file name="Header_Linked.png" server="francesco-gisonni.com/francesco-gisonni.com/mario/" local="3435932118" remote="318763443830376252" Dst="-1" /><file name="help.png" server="francesco-gisonni.com/francesco-gisonni.com/mario/" local="3435932118" remote="318763443830376252" Dst="-1" /><file name="help_relation.png" server="francesco-gisonni.com/francesco-gisonni.com/mario/" local="3435932118" remote="318763443830376252" Dst="-1" /><file name="left_panel_butt.png" server="francesco-gisonni.com/francesco-gisonni.com/mario/" local="3435932118" remote="318763443830376252" Dst="-1" /><file name="left_panel_tab.png" server="francesco-gisonni.com/francesco-gisonni.com/mario/" local="3435932118" remote="318763443830376252" Dst="-1" /><file name="minus.png" server="francesco-gisonni.com/francesco-gisonni.com/mario/" local="3435932118" remote="318763443830376252" Dst="-1" /><file name="or_icon.png" server="francesco-gisonni.com/francesco-gisonni.com/mario/" local="3435932118" remote="318763443830376252" Dst="-1" /><file name="pdf.png" server="francesco-gisonni.com/francesco-gisonni.com/mario/" local="3435932118" remote="318763443830376252" Dst="-1" /><file name="plus.png" server="francesco-gisonni.com/francesco-gisonni.com/mario/" local="3435932118" remote="318763443830376252" Dst="-1" /><file name="query_builder.png" server="francesco-gisonni.com/francesco-gisonni.com/mario/" local="3435932118" remote="318763443830376252" Dst="-1" /><file name="relation.png" server="francesco-gisonni.com/francesco-gisonni.com/mario/" local="3435932118" remote="318763443830376252" Dst="-1" /><file name="reload.png" server="francesco-gisonni.com/francesco-gisonni.com/mario/" local="3435932118" remote="318763443830376252" Dst="-1" /><file name="resize.png" server="francesco-gisonni.com/francesco-gisonni.com/mario/" local="3435932118" remote="318763443830376252" Dst="-1" /><file name="rightarrow1.png" server="francesco-gisonni.com/francesco-gisonni.com/mario/" local="3435932118" remote="318763443830376252" Dst="-1" /><file name="rightarrow2.png" server="francesco-gisonni.com/francesco-gisonni.com/mario/" local="3435932118" remote="318763443830376252" Dst="-1" /><file name="save.png" server="francesco-gisonni.com/francesco-gisonni.com/mario/" local="3435932118" remote="318763443830376252" Dst="-1" /><file name="small_tab.png" server="francesco-gisonni.com/francesco-gisonni.com/mario/" local="3435932118" remote="318763443830376252" Dst="-1" /><file name="table.png" server="francesco-gisonni.com/francesco-gisonni.com/mario/" local="3435932118" remote="318763443830376252" Dst="-1" /><file name="toggle_lines.png" server="francesco-gisonni.com/francesco-gisonni.com/mario/" local="3435932118" remote="318763443830376252" Dst="-1" /><file name="top_panel.png" server="francesco-gisonni.com/francesco-gisonni.com/mario/" local="3435932118" remote="318763443830376252" Dst="-1" /><file name="uparrow2_m.png" server="francesco-gisonni.com/francesco-gisonni.com/mario/" local="3435932118" remote="318763443830376252" Dst="-1" /></dwsync>