<?xml version="1.0" encoding="utf-8" ?><dwsync><file name="Advisor.class.php" server="francesco-gisonni.com/francesco-gisonni.com/mario/" local="3435932118" remote="318763443830376132" Dst="-1" /><file name="advisory_rules.txt" server="francesco-gisonni.com/francesco-gisonni.com/mario/" local="3435932118" remote="318763443830376132" Dst="-1" /><file name="blobstreaming.lib.php" server="francesco-gisonni.com/francesco-gisonni.com/mario/" local="3435932118" remote="318763443830376132" Dst="-1" /><file name="bookmark.lib.php" server="francesco-gisonni.com/francesco-gisonni.com/mario/" local="3435932118" remote="318763443830376132" Dst="-1" /><file name="blowfish.php" server="francesco-gisonni.com/francesco-gisonni.com/mario/" local="3435932118" remote="318763443830376132" Dst="-1" /><file name="build_html_for_db.lib.php" server="francesco-gisonni.com/francesco-gisonni.com/mario/" local="3435932118" remote="318763443830376132" Dst="-1" /><file name="charset_conversion.lib.php" server="francesco-gisonni.com/francesco-gisonni.com/mario/" local="3435932118" remote="318763443830376132" Dst="-1" /><file name="check_user_privileges.lib.php" server="francesco-gisonni.com/francesco-gisonni.com/mario/" local="3435932118" remote="318763443830376132" Dst="-1" /><file name="cleanup.lib.php" server="francesco-gisonni.com/francesco-gisonni.com/mario/" local="3435932118" remote="318763443830376132" Dst="-1" /><file name="common.inc.php" server="francesco-gisonni.com/francesco-gisonni.com/mario/" local="3435932118" remote="318763443830376132" Dst="-1" /><file name="common.lib.php" server="francesco-gisonni.com/francesco-gisonni.com/mario/" local="3435932118" remote="318763443830376132" Dst="-1" /><file name="Config.class.php" server="francesco-gisonni.com/francesco-gisonni.com/mario/" local="3435932118" remote="318763443830376132" Dst="-1" /><file name="config.default.php" server="francesco-gisonni.com/francesco-gisonni.com/mario/" local="3435932118" remote="318763443830376132" Dst="-1" /><file name="config.values.php" server="francesco-gisonni.com/francesco-gisonni.com/mario/" local="3435932118" remote="318763443830376132" Dst="-1" /><file name="core.lib.php" server="francesco-gisonni.com/francesco-gisonni.com/mario/" local="3435932118" remote="318763443830376132" Dst="-1" /><file name="data_dictionary_relations.lib.php" server="francesco-gisonni.com/francesco-gisonni.com/mario/" local="3435932118" remote="318763443830376132" Dst="-1" /><file name="data_drizzle.inc.php" server="francesco-gisonni.com/francesco-gisonni.com/mario/" local="3435932118" remote="318763443830376132" Dst="-1" /><file name="data_mysql.inc.php" server="francesco-gisonni.com/francesco-gisonni.com/mario/" local="3435932118" remote="318763443830376132" Dst="-1" /><file name="db_common.inc.php" server="francesco-gisonni.com/francesco-gisonni.com/mario/" local="3435932118" remote="318763443830376132" Dst="-1" /><file name="db_info.inc.php" server="francesco-gisonni.com/francesco-gisonni.com/mario/" local="3435932118" remote="318763443830376132" Dst="-1" /><file name="database_interface.lib.php" server="francesco-gisonni.com/francesco-gisonni.com/mario/" local="3435932118" remote="318763443830376132" Dst="-1" /><file name="db_links.inc.php" server="francesco-gisonni.com/francesco-gisonni.com/mario/" local="3435932118" remote="318763443830376132" Dst="-1" /><file name="db_structure.lib.php" server="francesco-gisonni.com/francesco-gisonni.com/mario/" local="3435932118" remote="318763443830376132" Dst="-1" /><file name="db_table_exists.lib.php" server="francesco-gisonni.com/francesco-gisonni.com/mario/" local="3435932118" remote="318763443830376132" Dst="-1" /><file name="display_change_password.lib.php" server="francesco-gisonni.com/francesco-gisonni.com/mario/" local="3435932118" remote="318763443830376132" Dst="-1" /><file name="display_create_database.lib.php" server="francesco-gisonni.com/francesco-gisonni.com/mario/" local="3435932118" remote="318763443830376132" Dst="-1" /><file name="display_create_table.lib.php" server="francesco-gisonni.com/francesco-gisonni.com/mario/" local="3435932118" remote="318763443830376132" Dst="-1" /><file name="display_export.lib.php" server="francesco-gisonni.com/francesco-gisonni.com/mario/" local="3435932118" remote="318763443830376132" Dst="-1" /><file name="display_import.lib.php" server="francesco-gisonni.com/francesco-gisonni.com/mario/" local="3435932118" remote="318763443830376132" Dst="-1" /><file name="display_import_ajax.lib.php" server="francesco-gisonni.com/francesco-gisonni.com/mario/" local="3435932118" remote="318763443830376132" Dst="-1" /><file name="display_select_lang.lib.php" server="francesco-gisonni.com/francesco-gisonni.com/mario/" local="3435932118" remote="318763443830376132" Dst="-1" /><file name="display_tbl.lib.php" server="francesco-gisonni.com/francesco-gisonni.com/mario/" local="3435932118" remote="318763443830376132" Dst="-1" /><file name="Error.class.php" server="francesco-gisonni.com/francesco-gisonni.com/mario/" local="3435932118" remote="318763443830376132" Dst="-1" /><file name="error.inc.php" server="francesco-gisonni.com/francesco-gisonni.com/mario/" local="3435932118" remote="318763443830376132" Dst="-1" /><file name="Error_Handler.class.php" server="francesco-gisonni.com/francesco-gisonni.com/mario/" local="3435932118" remote="318763443830376132" Dst="-1" /><file name="File.class.php" server="francesco-gisonni.com/francesco-gisonni.com/mario/" local="3435932118" remote="318763443830376132" Dst="-1" /><file name="file_listing.php" server="francesco-gisonni.com/francesco-gisonni.com/mario/" local="3435932118" remote="318763443830376132" Dst="-1" /><file name="footer.inc.php" server="francesco-gisonni.com/francesco-gisonni.com/mario/" local="3435932118" remote="318763443830376132" Dst="-1" /><file name="gis_visualization.lib.php" server="francesco-gisonni.com/francesco-gisonni.com/mario/" local="3435932118" remote="318763443830376132" Dst="-1" /><file name="grab_globals.lib.php" server="francesco-gisonni.com/francesco-gisonni.com/mario/" local="3435932118" remote="318763443830376132" Dst="-1" /><file name="header.inc.php" server="francesco-gisonni.com/francesco-gisonni.com/mario/" local="3435932118" remote="318763443830376132" Dst="-1" /><file name="header_http.inc.php" server="francesco-gisonni.com/francesco-gisonni.com/mario/" local="3435932118" remote="318763443830376132" Dst="-1" /><file name="header_meta_style.inc.php" server="francesco-gisonni.com/francesco-gisonni.com/mario/" local="3435932118" remote="318763443830376132" Dst="-1" /><file name="header_printview.inc.php" server="francesco-gisonni.com/francesco-gisonni.com/mario/" local="3435932118" remote="318763443830376132" Dst="-1" /><file name="header_scripts.inc.php" server="francesco-gisonni.com/francesco-gisonni.com/mario/" local="3435932118" remote="318763443830376132" Dst="-1" /><file name="iconv_wrapper.lib.php" server="francesco-gisonni.com/francesco-gisonni.com/mario/" local="3435932118" remote="318763443830376132" Dst="-1" /><file name="import.lib.php" server="francesco-gisonni.com/francesco-gisonni.com/mario/" local="3435932118" remote="318763443830376132" Dst="-1" /><file name="Index.class.php" server="francesco-gisonni.com/francesco-gisonni.com/mario/" local="3435932118" remote="318763443830376132" Dst="-1" /><file name="information_schema_relations.lib.php" server="francesco-gisonni.com/francesco-gisonni.com/mario/" local="3435932118" remote="318763443830376132" Dst="-1" /><file name="ip_allow_deny.lib.php" server="francesco-gisonni.com/francesco-gisonni.com/mario/" local="3435932118" remote="318763443830376132" Dst="-1" /><file name="js_escape.lib.php" server="francesco-gisonni.com/francesco-gisonni.com/mario/" local="3435932118" remote="318763443830376132" Dst="-1" /><file name="kanji-encoding.lib.php" server="francesco-gisonni.com/francesco-gisonni.com/mario/" local="3435932118" remote="318763443830376132" Dst="-1" /><file name="language_stats.inc.php" server="francesco-gisonni.com/francesco-gisonni.com/mario/" local="3435932118" remote="318763443830376132" Dst="-1" /><file name="List.class.php" server="francesco-gisonni.com/francesco-gisonni.com/mario/" local="3435932118" remote="318763443830376132" Dst="-1" /><file name="List_Database.class.php" server="francesco-gisonni.com/francesco-gisonni.com/mario/" local="3435932118" remote="318763443830376132" Dst="-1" /><file name="logging.lib.php" server="francesco-gisonni.com/francesco-gisonni.com/mario/" local="3435932118" remote="318763443830376132" Dst="-1" /><file name="Message.class.php" server="francesco-gisonni.com/francesco-gisonni.com/mario/" local="3435932118" remote="318763443830376132" Dst="-1" /><file name="mime.lib.php" server="francesco-gisonni.com/francesco-gisonni.com/mario/" local="3435932118" remote="318763443830376132" Dst="-1" /><file name="mult_submits.inc.php" server="francesco-gisonni.com/francesco-gisonni.com/mario/" local="3435932118" remote="318763443830376132" Dst="-1" /><file name="mysql_charsets.lib.php" server="francesco-gisonni.com/francesco-gisonni.com/mario/" local="3435932118" remote="318763443830376132" Dst="-1" /><file name="navigation_header.inc.php" server="francesco-gisonni.com/francesco-gisonni.com/mario/" local="3435932118" remote="318763443830376132" Dst="-1" /><file name="ob.lib.php" server="francesco-gisonni.com/francesco-gisonni.com/mario/" local="3435932118" remote="318763443830376132" Dst="-1" /><file name="opendocument.lib.php" server="francesco-gisonni.com/francesco-gisonni.com/mario/" local="3435932118" remote="318763443830376132" Dst="-1" /><file name="parse_analyze.lib.php" server="francesco-gisonni.com/francesco-gisonni.com/mario/" local="3435932118" remote="318763443830376132" Dst="-1" /><file name="Partition.class.php" server="francesco-gisonni.com/francesco-gisonni.com/mario/" local="3435932118" remote="318763443830376132" Dst="-1" /><file name="PDF.class.php" server="francesco-gisonni.com/francesco-gisonni.com/mario/" local="3435932118" remote="318763443830376132" Dst="-1" /><file name="plugin_interface.lib.php" server="francesco-gisonni.com/francesco-gisonni.com/mario/" local="3435932118" remote="318763443830376132" Dst="-1" /><file name="PMA.php" server="francesco-gisonni.com/francesco-gisonni.com/mario/" local="3435932118" remote="318763443830376132" Dst="-1" /><file name="pmd_common.php" server="francesco-gisonni.com/francesco-gisonni.com/mario/" local="3435932118" remote="318763443830376132" Dst="-1" /><file name="RecentTable.class.php" server="francesco-gisonni.com/francesco-gisonni.com/mario/" local="3435932118" remote="318763443830376132" Dst="-1" /><file name="relation.lib.php" server="francesco-gisonni.com/francesco-gisonni.com/mario/" local="3435932118" remote="318763443830376132" Dst="-1" /><file name="relation_cleanup.lib.php" server="francesco-gisonni.com/francesco-gisonni.com/mario/" local="3435932118" remote="318763443830376132" Dst="-1" /><file name="replication.inc.php" server="francesco-gisonni.com/francesco-gisonni.com/mario/" local="3435932118" remote="318763443830376132" Dst="-1" /><file name="replication_gui.lib.php" server="francesco-gisonni.com/francesco-gisonni.com/mario/" local="3435932118" remote="318763443830376132" Dst="-1" /><file name="sanitizing.lib.php" server="francesco-gisonni.com/francesco-gisonni.com/mario/" local="3435932118" remote="318763443830376132" Dst="-1" /><file name="select_lang.lib.php" server="francesco-gisonni.com/francesco-gisonni.com/mario/" local="3435932118" remote="318763443830376132" Dst="-1" /><file name="select_server.lib.php" server="francesco-gisonni.com/francesco-gisonni.com/mario/" local="3435932118" remote="318763443830376132" Dst="-1" /><file name="server_common.inc.php" server="francesco-gisonni.com/francesco-gisonni.com/mario/" local="3435932118" remote="318763443830376132" Dst="-1" /><file name="server_links.inc.php" server="francesco-gisonni.com/francesco-gisonni.com/mario/" local="3435932118" remote="318763443830376132" Dst="-1" /><file name="session.inc.php" server="francesco-gisonni.com/francesco-gisonni.com/mario/" local="3435932118" remote="318763443830376132" Dst="-1" /><file name="server_variables_doc.php" server="francesco-gisonni.com/francesco-gisonni.com/mario/" local="3435932118" remote="318763443830376132" Dst="-1" /><file name="server_synchronize.lib.php" server="francesco-gisonni.com/francesco-gisonni.com/mario/" local="3435932118" remote="318763443830376132" Dst="-1" /><file name="sql_query_form.lib.php" server="francesco-gisonni.com/francesco-gisonni.com/mario/" local="3435932118" remote="318763443830376132" Dst="-1" /><file name="sqlparser.data.php" server="francesco-gisonni.com/francesco-gisonni.com/mario/" local="3435932118" remote="318763443830376132" Dst="-1" /><file name="sqlvalidator.lib.php" server="francesco-gisonni.com/francesco-gisonni.com/mario/" local="3435932118" remote="318763443830376132" Dst="-1" /><file name="sqlvalidator.class.php" server="francesco-gisonni.com/francesco-gisonni.com/mario/" local="3435932118" remote="318763443830376132" Dst="-1" /><file name="sqlparser.lib.php" server="francesco-gisonni.com/francesco-gisonni.com/mario/" local="3435932118" remote="318763443830376132" Dst="-1" /><file name="StorageEngine.class.php" server="francesco-gisonni.com/francesco-gisonni.com/mario/" local="3435932118" remote="318763443830376132" Dst="-1" /><file name="string.lib.php" server="francesco-gisonni.com/francesco-gisonni.com/mario/" local="3435932118" remote="318763443830376132" Dst="-1" /><file name="string_mb.lib.php" server="francesco-gisonni.com/francesco-gisonni.com/mario/" local="3435932118" remote="318763443830376132" Dst="-1" /><file name="string_native.lib.php" server="francesco-gisonni.com/francesco-gisonni.com/mario/" local="3435932118" remote="318763443830376132" Dst="-1" /><file name="string_type_ctype.lib.php" server="francesco-gisonni.com/francesco-gisonni.com/mario/" local="3435932118" remote="318763443830376132" Dst="-1" /><file name="string_type_native.lib.php" server="francesco-gisonni.com/francesco-gisonni.com/mario/" local="3435932118" remote="318763443830376132" Dst="-1" /><file name="sysinfo.lib.php" server="francesco-gisonni.com/francesco-gisonni.com/mario/" local="3435932118" remote="318763443830376132" Dst="-1" /><file name="tbl_common.php" server="francesco-gisonni.com/francesco-gisonni.com/mario/" local="3435932118" remote="318763443830376132" Dst="-1" /><file name="Table.class.php" server="francesco-gisonni.com/francesco-gisonni.com/mario/" local="3435932118" remote="318763443830376132" Dst="-1" /><file name="tbl_info.inc.php" server="francesco-gisonni.com/francesco-gisonni.com/mario/" local="3435932118" remote="318763443830376132" Dst="-1" /><file name="tbl_links.inc.php" server="francesco-gisonni.com/francesco-gisonni.com/mario/" local="3435932118" remote="318763443830376132" Dst="-1" /><file name="tbl_properties.inc.php" server="francesco-gisonni.com/francesco-gisonni.com/mario/" local="3435932118" remote="318763443830376132" Dst="-1" /><file name="tbl_replace_fields.inc.php" server="francesco-gisonni.com/francesco-gisonni.com/mario/" local="3435932118" remote="318763443830376132" Dst="-1" /><file name="tbl_select.lib.php" server="francesco-gisonni.com/francesco-gisonni.com/mario/" local="3435932118" remote="318763443830376132" Dst="-1" /><file name="Theme.class.php" server="francesco-gisonni.com/francesco-gisonni.com/mario/" local="3435932118" remote="318763443830376132" Dst="-1" /><file name="Theme_Manager.class.php" server="francesco-gisonni.com/francesco-gisonni.com/mario/" local="3435932118" remote="318763443830376132" Dst="-1" /><file name="Tracker.class.php" server="francesco-gisonni.com/francesco-gisonni.com/mario/" local="3435932118" remote="318763443830376132" Dst="-1" /><file name="transformations.lib.php" server="francesco-gisonni.com/francesco-gisonni.com/mario/" local="3435932118" remote="318763443830376132" Dst="-1" /><file name="url_generating.lib.php" server="francesco-gisonni.com/francesco-gisonni.com/mario/" local="3435932118" remote="318763443830376132" Dst="-1" /><file name="user_preferences.inc.php" server="francesco-gisonni.com/francesco-gisonni.com/mario/" local="3435932118" remote="318763443830376132" Dst="-1" /><file name="user_preferences.lib.php" server="francesco-gisonni.com/francesco-gisonni.com/mario/" local="3435932118" remote="318763443830376132" Dst="-1" /><file name="vendor_config.php" server="francesco-gisonni.com/francesco-gisonni.com/mario/" local="3435932118" remote="318763443830376132" Dst="-1" /><file name="zip_extension.lib.php" server="francesco-gisonni.com/francesco-gisonni.com/mario/" local="3435932118" remote="318763443830376132" Dst="-1" /><file name="zip.lib.php" server="francesco-gisonni.com/francesco-gisonni.com/mario/" local="3435932118" remote="318763443830376132" Dst="-1" /></dwsync>