<?xml version="1.0" encoding="utf-8" ?><dwsync><file name="ajax_clock_small.gif" server="francesco-gisonni.com/francesco-gisonni.com/mario/" local="3435932118" remote="318763443830376132" Dst="-1" /><file name="arrow_ltr.png" server="francesco-gisonni.com/francesco-gisonni.com/mario/" local="3435932118" remote="318763443830376132" Dst="-1" /><file name="arrow_rtl.png" server="francesco-gisonni.com/francesco-gisonni.com/mario/" local="3435932118" remote="318763443830376132" Dst="-1" /><file name="b_browse.png" server="francesco-gisonni.com/francesco-gisonni.com/mario/" local="3435932118" remote="318763443830376132" Dst="-1" /><file name="b_bookmark.png" server="francesco-gisonni.com/francesco-gisonni.com/mario/" local="3435932118" remote="318763443830376132" Dst="-1" /><file name="b_calendar.png" server="francesco-gisonni.com/francesco-gisonni.com/mario/" local="3435932118" remote="318763443830376132" Dst="-1" /><file name="b_chart.png" server="francesco-gisonni.com/francesco-gisonni.com/mario/" local="3435932118" remote="318763443830376132" Dst="-1" /><file name="b_close.png" server="francesco-gisonni.com/francesco-gisonni.com/mario/" local="3435932118" remote="318763443830376132" Dst="-1" /><file name="b_comment.png" server="francesco-gisonni.com/francesco-gisonni.com/mario/" local="3435932118" remote="318763443830376132" Dst="-1" /><file name="b_dbstatistics.png" server="francesco-gisonni.com/francesco-gisonni.com/mario/" local="3435932118" remote="318763443830376132" Dst="-1" /><file name="b_deltbl.png" server="francesco-gisonni.com/francesco-gisonni.com/mario/" local="3435932118" remote="318763443830376132" Dst="-1" /><file name="b_docs.png" server="francesco-gisonni.com/francesco-gisonni.com/mario/" local="3435932118" remote="318763443830376132" Dst="-1" /><file name="b_drop.png" server="francesco-gisonni.com/francesco-gisonni.com/mario/" local="3435932118" remote="318763443830376132" Dst="-1" /><file name="b_edit.png" server="francesco-gisonni.com/francesco-gisonni.com/mario/" local="3435932118" remote="318763443830376132" Dst="-1" /><file name="b_empty.png" server="francesco-gisonni.com/francesco-gisonni.com/mario/" local="3435932118" remote="318763443830376132" Dst="-1" /><file name="b_engine.png" server="francesco-gisonni.com/francesco-gisonni.com/mario/" local="3435932118" remote="318763443830376132" Dst="-1" /><file name="b_event_add.png" server="francesco-gisonni.com/francesco-gisonni.com/mario/" local="3435932118" remote="318763443830376132" Dst="-1" /><file name="b_events.png" server="francesco-gisonni.com/francesco-gisonni.com/mario/" local="3435932118" remote="318763443830376132" Dst="-1" /><file name="b_export.png" server="francesco-gisonni.com/francesco-gisonni.com/mario/" local="3435932118" remote="318763443830376132" Dst="-1" /><file name="b_ftext.png" server="francesco-gisonni.com/francesco-gisonni.com/mario/" local="3435932118" remote="318763443830376132" Dst="-1" /><file name="b_globe.gif" server="francesco-gisonni.com/francesco-gisonni.com/mario/" local="3435932118" remote="318763443830376132" Dst="-1" /><file name="b_help.png" server="francesco-gisonni.com/francesco-gisonni.com/mario/" local="3435932118" remote="318763443830376132" Dst="-1" /><file name="b_home.png" server="francesco-gisonni.com/francesco-gisonni.com/mario/" local="3435932118" remote="318763443830376132" Dst="-1" /><file name="b_import.png" server="francesco-gisonni.com/francesco-gisonni.com/mario/" local="3435932118" remote="318763443830376132" Dst="-1" /><file name="b_index.png" server="francesco-gisonni.com/francesco-gisonni.com/mario/" local="3435932118" remote="318763443830376132" Dst="-1" /><file name="b_info.png" server="francesco-gisonni.com/francesco-gisonni.com/mario/" local="3435932118" remote="318763443830376132" Dst="-1" /><file name="b_inline_edit.png" server="francesco-gisonni.com/francesco-gisonni.com/mario/" local="3435932118" remote="318763443830376132" Dst="-1" /><file name="b_insrow.png" server="francesco-gisonni.com/francesco-gisonni.com/mario/" local="3435932118" remote="318763443830376132" Dst="-1" /><file name="b_minus.png" server="francesco-gisonni.com/francesco-gisonni.com/mario/" local="3435932118" remote="318763443830376132" Dst="-1" /><file name="b_more.png" server="francesco-gisonni.com/francesco-gisonni.com/mario/" local="3435932118" remote="318763443830376132" Dst="-1" /><file name="b_newdb.png" server="francesco-gisonni.com/francesco-gisonni.com/mario/" local="3435932118" remote="318763443830376132" Dst="-1" /><file name="b_newtbl.png" server="francesco-gisonni.com/francesco-gisonni.com/mario/" local="3435932118" remote="318763443830376132" Dst="-1" /><file name="b_nextpage.png" server="francesco-gisonni.com/francesco-gisonni.com/mario/" local="3435932118" remote="318763443830376132" Dst="-1" /><file name="b_plus.png" server="francesco-gisonni.com/francesco-gisonni.com/mario/" local="3435932118" remote="318763443830376192" Dst="-1" /><file name="b_primary.png" server="francesco-gisonni.com/francesco-gisonni.com/mario/" local="3435932118" remote="318763443830376192" Dst="-1" /><file name="b_print.png" server="francesco-gisonni.com/francesco-gisonni.com/mario/" local="3435932118" remote="318763443830376192" Dst="-1" /><file name="b_props.png" server="francesco-gisonni.com/francesco-gisonni.com/mario/" local="3435932118" remote="318763443830376192" Dst="-1" /><file name="b_relations.png" server="francesco-gisonni.com/francesco-gisonni.com/mario/" local="3435932118" remote="318763443830376192" Dst="-1" /><file name="b_save.png" server="francesco-gisonni.com/francesco-gisonni.com/mario/" local="3435932118" remote="318763443830376192" Dst="-1" /><file name="b_routine_add.png" server="francesco-gisonni.com/francesco-gisonni.com/mario/" local="3435932118" remote="318763443830376192" Dst="-1" /><file name="b_routines.png" server="francesco-gisonni.com/francesco-gisonni.com/mario/" local="3435932118" remote="318763443830376192" Dst="-1" /><file name="b_sbrowse.png" server="francesco-gisonni.com/francesco-gisonni.com/mario/" local="3435932118" remote="318763443830376192" Dst="-1" /><file name="b_search.png" server="francesco-gisonni.com/francesco-gisonni.com/mario/" local="3435932118" remote="318763443830376192" Dst="-1" /><file name="b_selboard.png" server="francesco-gisonni.com/francesco-gisonni.com/mario/" local="3435932118" remote="318763443830376192" Dst="-1" /><file name="b_select.png" server="francesco-gisonni.com/francesco-gisonni.com/mario/" local="3435932118" remote="318763443830376192" Dst="-1" /><file name="b_snewtbl.png" server="francesco-gisonni.com/francesco-gisonni.com/mario/" local="3435932118" remote="318763443830376192" Dst="-1" /><file name="b_spatial.png" server="francesco-gisonni.com/francesco-gisonni.com/mario/" local="3435932118" remote="318763443830376192" Dst="-1" /><file name="b_sql.png" server="francesco-gisonni.com/francesco-gisonni.com/mario/" local="3435932118" remote="318763443830376192" Dst="-1" /><file name="b_sqlhelp.png" server="francesco-gisonni.com/francesco-gisonni.com/mario/" local="3435932118" remote="318763443830376192" Dst="-1" /><file name="b_tblanalyse.png" server="francesco-gisonni.com/francesco-gisonni.com/mario/" local="3435932118" remote="318763443830376192" Dst="-1" /><file name="b_tblexport.png" server="francesco-gisonni.com/francesco-gisonni.com/mario/" local="3435932118" remote="318763443830376192" Dst="-1" /><file name="b_tblimport.png" server="francesco-gisonni.com/francesco-gisonni.com/mario/" local="3435932118" remote="318763443830376192" Dst="-1" /><file name="b_tblops.png" server="francesco-gisonni.com/francesco-gisonni.com/mario/" local="3435932118" remote="318763443830376192" Dst="-1" /><file name="b_tbloptimize.png" server="francesco-gisonni.com/francesco-gisonni.com/mario/" local="3435932118" remote="318763443830376192" Dst="-1" /><file name="b_tipp.png" server="francesco-gisonni.com/francesco-gisonni.com/mario/" local="3435932118" remote="318763443830376192" Dst="-1" /><file name="b_trigger_add.png" server="francesco-gisonni.com/francesco-gisonni.com/mario/" local="3435932118" remote="318763443830376192" Dst="-1" /><file name="b_triggers.png" server="francesco-gisonni.com/francesco-gisonni.com/mario/" local="3435932118" remote="318763443830376192" Dst="-1" /><file name="b_unique.png" server="francesco-gisonni.com/francesco-gisonni.com/mario/" local="3435932118" remote="318763443830376192" Dst="-1" /><file name="b_usradd.png" server="francesco-gisonni.com/francesco-gisonni.com/mario/" local="3435932118" remote="318763443830376192" Dst="-1" /><file name="b_usrcheck.png" server="francesco-gisonni.com/francesco-gisonni.com/mario/" local="3435932118" remote="318763443830376192" Dst="-1" /><file name="b_usrdrop.png" server="francesco-gisonni.com/francesco-gisonni.com/mario/" local="3435932118" remote="318763443830376192" Dst="-1" /><file name="b_usredit.png" server="francesco-gisonni.com/francesco-gisonni.com/mario/" local="3435932118" remote="318763443830376192" Dst="-1" /><file name="b_usrlist.png" server="francesco-gisonni.com/francesco-gisonni.com/mario/" local="3435932118" remote="318763443830376192" Dst="-1" /><file name="b_view.png" server="francesco-gisonni.com/francesco-gisonni.com/mario/" local="3435932118" remote="318763443830376192" Dst="-1" /><file name="b_views.png" server="francesco-gisonni.com/francesco-gisonni.com/mario/" local="3435932118" remote="318763443830376192" Dst="-1" /><file name="bd_browse.png" server="francesco-gisonni.com/francesco-gisonni.com/mario/" local="3435932118" remote="318763443830376192" Dst="-1" /><file name="bd_deltbl.png" server="francesco-gisonni.com/francesco-gisonni.com/mario/" local="3435932118" remote="318763443830376192" Dst="-1" /><file name="bd_drop.png" server="francesco-gisonni.com/francesco-gisonni.com/mario/" local="3435932118" remote="318763443830376192" Dst="-1" /><file name="bd_edit.png" server="francesco-gisonni.com/francesco-gisonni.com/mario/" local="3435932118" remote="318763443830376192" Dst="-1" /><file name="bd_empty.png" server="francesco-gisonni.com/francesco-gisonni.com/mario/" local="3435932118" remote="318763443830376192" Dst="-1" /><file name="bd_export.png" server="francesco-gisonni.com/francesco-gisonni.com/mario/" local="3435932118" remote="318763443830376192" Dst="-1" /><file name="bd_ftext.png" server="francesco-gisonni.com/francesco-gisonni.com/mario/" local="3435932118" remote="318763443830376192" Dst="-1" /><file name="bd_index.png" server="francesco-gisonni.com/francesco-gisonni.com/mario/" local="3435932118" remote="318763443830376192" Dst="-1" /><file name="bd_insrow.png" server="francesco-gisonni.com/francesco-gisonni.com/mario/" local="3435932118" remote="318763443830376192" Dst="-1" /><file name="bd_nextpage.png" server="francesco-gisonni.com/francesco-gisonni.com/mario/" local="3435932118" remote="318763443830376192" Dst="-1" /><file name="bd_primary.png" server="francesco-gisonni.com/francesco-gisonni.com/mario/" local="3435932118" remote="318763443830376192" Dst="-1" /><file name="bd_sbrowse.png" server="francesco-gisonni.com/francesco-gisonni.com/mario/" local="3435932118" remote="318763443830376192" Dst="-1" /><file name="bd_select.png" server="francesco-gisonni.com/francesco-gisonni.com/mario/" local="3435932118" remote="318763443830376192" Dst="-1" /><file name="bd_spatial.png" server="francesco-gisonni.com/francesco-gisonni.com/mario/" local="3435932118" remote="318763443830376192" Dst="-1" /><file name="bd_unique.png" server="francesco-gisonni.com/francesco-gisonni.com/mario/" local="3435932118" remote="318763443830376192" Dst="-1" /><file name="cleardot.gif" server="francesco-gisonni.com/francesco-gisonni.com/mario/" local="3435932118" remote="318763443830376192" Dst="-1" /><file name="col_drop.png" server="francesco-gisonni.com/francesco-gisonni.com/mario/" local="3435932118" remote="318763443830376192" Dst="-1" /><file name="col_pointer.png" server="francesco-gisonni.com/francesco-gisonni.com/mario/" local="3435932118" remote="318763443830376192" Dst="-1" /><file name="col_pointer_ver.png" server="francesco-gisonni.com/francesco-gisonni.com/mario/" local="3435932118" remote="318763443830376192" Dst="-1" /><file name="docs_menu_bg.png" server="francesco-gisonni.com/francesco-gisonni.com/mario/" local="3435932118" remote="318763443830376192" Dst="-1" /><file name="east-mini.png" server="francesco-gisonni.com/francesco-gisonni.com/mario/" local="3435932118" remote="318763443830376192" Dst="-1" /><file name="error.ico" server="francesco-gisonni.com/francesco-gisonni.com/mario/" local="3435932118" remote="318763443830376192" Dst="-1" /><file name="eye.png" server="francesco-gisonni.com/francesco-gisonni.com/mario/" local="3435932118" remote="318763443830376192" Dst="-1" /><file name="eye_grey.png" server="francesco-gisonni.com/francesco-gisonni.com/mario/" local="3435932118" remote="318763443830376192" Dst="-1" /><file name="item_ltr.png" server="francesco-gisonni.com/francesco-gisonni.com/mario/" local="3435932118" remote="318763443830376192" Dst="-1" /><file name="item_rtl.png" server="francesco-gisonni.com/francesco-gisonni.com/mario/" local="3435932118" remote="318763443830376192" Dst="-1" /><file name="logo_left.png" server="francesco-gisonni.com/francesco-gisonni.com/mario/" local="3435932118" remote="318763443830376192" Dst="-1" /><file name="logo_right.png" server="francesco-gisonni.com/francesco-gisonni.com/mario/" local="3435932118" remote="318763443830376192" Dst="-1" /><file name="more.png" server="francesco-gisonni.com/francesco-gisonni.com/mario/" local="3435932118" remote="318763443830376192" Dst="-1" /><file name="new_data.png" server="francesco-gisonni.com/francesco-gisonni.com/mario/" local="3435932118" remote="318763443830376192" Dst="-1" /><file name="new_data_hovered.png" server="francesco-gisonni.com/francesco-gisonni.com/mario/" local="3435932118" remote="318763443830376192" Dst="-1" /><file name="new_data_selected.png" server="francesco-gisonni.com/francesco-gisonni.com/mario/" local="3435932118" remote="318763443830376192" Dst="-1" /><file name="new_data_selected_hovered.png" server="francesco-gisonni.com/francesco-gisonni.com/mario/" local="3435932118" remote="318763443830376192" Dst="-1" /><file name="new_struct.png" server="francesco-gisonni.com/francesco-gisonni.com/mario/" local="3435932118" remote="318763443830376192" Dst="-1" /><file name="new_struct_hovered.png" server="francesco-gisonni.com/francesco-gisonni.com/mario/" local="3435932118" remote="318763443830376192" Dst="-1" /><file name="new_struct_selected.png" server="francesco-gisonni.com/francesco-gisonni.com/mario/" local="3435932118" remote="318763443830376192" Dst="-1" /><file name="new_struct_selected_hovered.png" server="francesco-gisonni.com/francesco-gisonni.com/mario/" local="3435932118" remote="318763443830376192" Dst="-1" /><file name="north-mini.png" server="francesco-gisonni.com/francesco-gisonni.com/mario/" local="3435932118" remote="318763443830376192" Dst="-1" /><file name="pause.png" server="francesco-gisonni.com/francesco-gisonni.com/mario/" local="3435932118" remote="318763443830376192" Dst="-1" /><file name="play.png" server="francesco-gisonni.com/francesco-gisonni.com/mario/" local="3435932118" remote="318763443830376192" Dst="-1" /><file name="s_asc.png" server="francesco-gisonni.com/francesco-gisonni.com/mario/" local="3435932118" remote="318763443830376192" Dst="-1" /><file name="s_asci.png" server="francesco-gisonni.com/francesco-gisonni.com/mario/" local="3435932118" remote="318763443830376192" Dst="-1" /><file name="s_attention.png" server="francesco-gisonni.com/francesco-gisonni.com/mario/" local="3435932118" remote="318763443830376192" Dst="-1" /><file name="s_cancel.png" server="francesco-gisonni.com/francesco-gisonni.com/mario/" local="3435932118" remote="318763443830376192" Dst="-1" /><file name="s_cog.png" server="francesco-gisonni.com/francesco-gisonni.com/mario/" local="3435932118" remote="318763443830376192" Dst="-1" /><file name="s_db.png" server="francesco-gisonni.com/francesco-gisonni.com/mario/" local="3435932118" remote="318763443830376192" Dst="-1" /><file name="s_desc.png" server="francesco-gisonni.com/francesco-gisonni.com/mario/" local="3435932118" remote="318763443830376192" Dst="-1" /><file name="s_error.png" server="francesco-gisonni.com/francesco-gisonni.com/mario/" local="3435932118" remote="318763443830376192" Dst="-1" /><file name="s_error2.png" server="francesco-gisonni.com/francesco-gisonni.com/mario/" local="3435932118" remote="318763443830376192" Dst="-1" /><file name="s_fulltext.png" server="francesco-gisonni.com/francesco-gisonni.com/mario/" local="3435932118" remote="318763443830376192" Dst="-1" /><file name="s_host.png" server="francesco-gisonni.com/francesco-gisonni.com/mario/" local="3435932118" remote="318763443830376192" Dst="-1" /><file name="s_info.png" server="francesco-gisonni.com/francesco-gisonni.com/mario/" local="3435932118" remote="318763443830376192" Dst="-1" /><file name="s_lang.png" server="francesco-gisonni.com/francesco-gisonni.com/mario/" local="3435932118" remote="318763443830376192" Dst="-1" /><file name="s_loggoff.png" server="francesco-gisonni.com/francesco-gisonni.com/mario/" local="3435932118" remote="318763443830376192" Dst="-1" /><file name="s_notice.png" server="francesco-gisonni.com/francesco-gisonni.com/mario/" local="3435932118" remote="318763443830376192" Dst="-1" /><file name="s_okay.png" server="francesco-gisonni.com/francesco-gisonni.com/mario/" local="3435932118" remote="318763443830376192" Dst="-1" /><file name="s_partialtext.png" server="francesco-gisonni.com/francesco-gisonni.com/mario/" local="3435932118" remote="318763443830376192" Dst="-1" /><file name="s_passwd.png" server="francesco-gisonni.com/francesco-gisonni.com/mario/" local="3435932118" remote="318763443830376192" Dst="-1" /><file name="s_process.png" server="francesco-gisonni.com/francesco-gisonni.com/mario/" local="3435932118" remote="318763443830376192" Dst="-1" /><file name="s_really.png" server="francesco-gisonni.com/francesco-gisonni.com/mario/" local="3435932118" remote="318763443830376192" Dst="-1" /><file name="s_reload.png" server="francesco-gisonni.com/francesco-gisonni.com/mario/" local="3435932118" remote="318763443830376192" Dst="-1" /><file name="s_replication.png" server="francesco-gisonni.com/francesco-gisonni.com/mario/" local="3435932118" remote="318763443830376192" Dst="-1" /><file name="s_rights.png" server="francesco-gisonni.com/francesco-gisonni.com/mario/" local="3435932118" remote="318763443830376192" Dst="-1" /><file name="s_status.png" server="francesco-gisonni.com/francesco-gisonni.com/mario/" local="3435932118" remote="318763443830376192" Dst="-1" /><file name="s_success.png" server="francesco-gisonni.com/francesco-gisonni.com/mario/" local="3435932118" remote="318763443830376192" Dst="-1" /><file name="s_sync.png" server="francesco-gisonni.com/francesco-gisonni.com/mario/" local="3435932118" remote="318763443830376192" Dst="-1" /><file name="s_tbl.png" server="francesco-gisonni.com/francesco-gisonni.com/mario/" local="3435932118" remote="318763443830376192" Dst="-1" /><file name="s_theme.png" server="francesco-gisonni.com/francesco-gisonni.com/mario/" local="3435932118" remote="318763443830376192" Dst="-1" /><file name="s_vars.png" server="francesco-gisonni.com/francesco-gisonni.com/mario/" local="3435932118" remote="318763443830376192" Dst="-1" /><file name="south-mini.png" server="francesco-gisonni.com/francesco-gisonni.com/mario/" local="3435932118" remote="318763443830376192" Dst="-1" /><file name="s_views.png" server="francesco-gisonni.com/francesco-gisonni.com/mario/" local="3435932118" remote="318763443830376192" Dst="-1" /><file name="spacer.png" server="francesco-gisonni.com/francesco-gisonni.com/mario/" local="3435932118" remote="318763443830376192" Dst="-1" /><file name="sprites.png" server="francesco-gisonni.com/francesco-gisonni.com/mario/" local="3435932118" remote="318763443830376192" Dst="-1" /><file name="toggle-rtl.png" server="francesco-gisonni.com/francesco-gisonni.com/mario/" local="3435932118" remote="318763443830376192" Dst="-1" /><file name="toggle-ltr.png" server="francesco-gisonni.com/francesco-gisonni.com/mario/" local="3435932118" remote="318763443830376192" Dst="-1" /><file name="vertical_line.png" server="francesco-gisonni.com/francesco-gisonni.com/mario/" local="3435932118" remote="318763443830376192" Dst="-1" /><file name="west-mini.png" server="francesco-gisonni.com/francesco-gisonni.com/mario/" local="3435932118" remote="318763443830376192" Dst="-1" /><file name="window-new.png" server="francesco-gisonni.com/francesco-gisonni.com/mario/" local="3435932118" remote="318763443830376192" Dst="-1" /><file name="zoom-minus-mini.png" server="francesco-gisonni.com/francesco-gisonni.com/mario/" local="3435932118" remote="318763443830376192" Dst="-1" /><file name="zoom-world-mini.png" server="francesco-gisonni.com/francesco-gisonni.com/mario/" local="3435932118" remote="318763443830376192" Dst="-1" /><file name="zoom-plus-mini.png" server="francesco-gisonni.com/francesco-gisonni.com/mario/" local="3435932118" remote="318763443830376192" Dst="-1" /><file name="s_sortable.png" server="francesco-gisonni.com/francesco-gisonni.com/mario/" local="3435932118" remote="318763443830376252" Dst="-1" /></dwsync>