<?xml version="1.0" encoding="UTF-8"?>
<ti:app xmlns:ti="http://ti.appcelerator.org">
    <property name="acs-oauth-secret-production" type="string">YmaAouJx22HLqp41Dp9xbSs0VqsyFOV0</property>
    <property name="acs-oauth-key-production" type="string">sQ3oDIubDPjtk5QUEANNclIVYfXNrwgT</property>
    <property name="acs-api-key-production" type="string">70Otdzoltz3lRv0WhZ46ZFSeee4PMeI0</property>
    <property name="acs-oauth-secret-development" type="string">gSKYHy9ilWFlsKwizYFeu1qGVsfk8vmD</property>
    <property name="acs-oauth-key-development" type="string">Eh9GjMfyI7r8euVDY9Y2MSP8Qsd5safc</property>
    <property name="acs-api-key-development" type="string">WU2HwjyyUoDU6PAASkLqjcAJ5Avh8sz6</property>
    <deployment-targets>
        <target device="mobileweb">true</target>
        <target device="iphone">true</target>
        <target device="ipad">true</target>
        <target device="android">false</target>
        <target device="blackberry">false</target>
    </deployment-targets>
    <sdk-version>2.1.2.GA</sdk-version>
    <id>com.humber.com</id>
    <name>Humber App</name>
    <version>1.0</version>
    <publisher>francescoGisonni</publisher>
    <url>http://francesco-gisonni.com</url>
    <description>not specified</description>
    <copyright>2012 by francescoGisonni</copyright>
    <icon>appicon.png</icon>
    <persistent-wifi>false</persistent-wifi>
    <prerendered-icon>false</prerendered-icon>
    <statusbar-style>default</statusbar-style>
    <statusbar-hidden>false</statusbar-hidden>
    <fullscreen>false</fullscreen>
    <navbar-hidden>false</navbar-hidden>
    <analytics>true</analytics>
    <guid>e35f57d4-3031-4241-ba83-9adbc9d0b3a6</guid>
    <property name="ti.ui.defaultunit">system</property>
    <iphone>
        <orientations device="iphone">
            <orientation>Ti.UI.PORTRAIT</orientation>
        </orientations>
        <orientations device="ipad">
            <orientation>Ti.UI.PORTRAIT</orientation>
            <orientation>Ti.UI.UPSIDE_PORTRAIT</orientation>
            <orientation>Ti.UI.LANDSCAPE_LEFT</orientation>
            <orientation>Ti.UI.LANDSCAPE_RIGHT</orientation>
        </orientations>
    </iphone>
    <android xmlns:android="http://schemas.android.com/apk/res/android"/>
    <mobileweb>
        <precache/>
        <splash>
            <enabled>true</enabled>
            <inline-css-images>true</inline-css-images>
        </splash>
        <theme>default</theme>
    </mobileweb>
    <modules>
        <module platform="commonjs" version="2.3.0">ti.cloud</module>
    </modules>
</ti:app>
