<?xml version="1.0" encoding="utf-8" ?><dwsync><file name="admin_login.php" server="francesco-gisonni.com/francesco-gisonni.com/mario/" local="3438083013" remote="318763443830980032" Dst="-1" /><file name="admin.php" server="francesco-gisonni.com/francesco-gisonni.com/mario/" local="3438279055" remote="318763443831175572" Dst="-1" /><file name="admin_logout.php" server="francesco-gisonni.com/francesco-gisonni.com/mario/" local="3436986931" remote="318763443829883412" Dst="-1" /><file name="admin_blog.php" server="francesco-gisonni.com/francesco-gisonni.com/mario/" local="3438279107" remote="318763443831175752" Dst="-1" /><file name="admin_blog_edit.php" server="francesco-gisonni.com/francesco-gisonni.com/mario/" local="3438279438" remote="318763443831175932" Dst="-1" /><file name="about.php" server="francesco-gisonni.com/francesco-gisonni.com/mario/" local="3438276883" remote="318763443831173412" Dst="-1" /><file name="admin_blog_comments.php" server="francesco-gisonni.com/francesco-gisonni.com/mario/" local="3438189595" remote="318763443831086112" Dst="-1" /><file name="admin_blog_delete.php" server="francesco-gisonni.com/francesco-gisonni.com/mario/" local="3438089133" remote="318763443830985672" Dst="-1" /><file name="app_config.php" server="francesco-gisonni.com/francesco-gisonni.com/mario/" local="3436382405" remote="318763443830376072" Dst="-1" /><file name="blog.php" server="francesco-gisonni.com/francesco-gisonni.com/mario/" local="3438280197" remote="318763443831176712" Dst="-1" /><file name="admin_blog_new.php" server="francesco-gisonni.com/francesco-gisonni.com/mario/" local="3438279508" remote="318763443831175992" Dst="-1" /><file name="connect.php" server="francesco-gisonni.com/francesco-gisonni.com/mario/" local="3436383516" remote="318763443830376072" Dst="-1" /><file name="contact.php" server="francesco-gisonni.com/francesco-gisonni.com/mario/" local="3438219459" remote="318763443831115992" Dst="-1" /><file name="index.php" server="francesco-gisonni.com/francesco-gisonni.com/mario/" local="3438220378" remote="318763443831116892" Dst="-1" /><file name="social.php" server="francesco-gisonni.com/francesco-gisonni.com/mario/" local="3438276755" remote="318763443831173472" Dst="-1" /><file name="post.php" server="francesco-gisonni.com/francesco-gisonni.com/mario/" local="3438282194" remote="318763443831178692" Dst="-1" /><file name="admin_blog_comments_edit.php" server="francesco-gisonni.com/francesco-gisonni.com/mario/" local="3437689109" remote="318763443830598372" Dst="-1" /><file name="blog_comments_new.php" server="francesco-gisonni.com/francesco-gisonni.com/mario/" local="3438096468" remote="318763443830993172" Dst="-1" /><file name="blog_comments_delete.php" server="francesco-gisonni.com/francesco-gisonni.com/mario/" local="3438197087" remote="318763443831093612" Dst="-1" /></dwsync>